sequences	labels	fold_id
AELSWTAEAEKMLGKVPFFVRKKVRKNTDNYAREIGEPVVTADVFRKAKEHLG	0.0238325342734371	2
EALSWTAEAEKMLGKVPFFVRKKVRKNTDNYAREIGEPVVTADVFRKAKEHLG	0.1038351446059655	0
EGLSWTAEAEKMLGKVPFFVRKKVRKNTDNYAREIGEPVVTADVFRKAKEHLG	0.1599676068875162	4
ELASWTAEAEKMLGKVPFFVRKKVRKNTDNYAREIGEPVVTADVFRKAKEHLG	-1.6160827798105917	0
ELGSWTAEAEKMLGKVPFFVRKKVRKNTDNYAREIGEPVVTADVFRKAKEHLG	-1.654822201186286	1
ELSAWTAEAEKMLGKVPFFVRKKVRKNTDNYAREIGEPVVTADVFRKAKEHLG	-1.5799263794055478	0
ELSGWTAEAEKMLGKVPFFVRKKVRKNTDNYAREIGEPVVTADVFRKAKEHLG	-1.6034055724906806	3
ELSWTAEAEKAMLGKVPFFVRKKVRKNTDNYAREIGEPVVTADVFRKAKEHLG	-4.415604919214845	2
ELSWTAEAEKMLAGKVPFFVRKKVRKNTDNYAREIGEPVVTADVFRKAKEHLG	-2.4453659710524525	3
ELSWTAEAEKMLGAKVPFFVRKKVRKNTDNYAREIGEPVVTADVFRKAKEHLG	-2.6894045272338234	1
ELSWTAEAEKMLGGKVPFFVRKKVRKNTDNYAREIGEPVVTADVFRKAKEHLG	-3.377629213669973	0
ELSWTAEAEKMLGKAVPFFVRKKVRKNTDNYAREIGEPVVTADVFRKAKEHLG	-2.602497312135197	4
ELSWTAEAEKMLGKGVPFFVRKKVRKNTDNYAREIGEPVVTADVFRKAKEHLG	-2.993073424845825	2
ELSWTAEAEKMLGKVAPFFVRKKVRKNTDNYAREIGEPVVTADVFRKAKEHLG	-1.5774397901316055	0
ELSWTAEAEKMLGKVFFVRKKVRKNTDNYAREIGEPVVTADVFRKAKEHLG	-3.975888693629211	2
ELSWTAEAEKMLGKVGPFFVRKKVRKNTDNYAREIGEPVVTADVFRKAKEHLG	-1.3550887718625662	4
ELSWTAEAEKMLGKVPAFFVRKKVRKNTDNYAREIGEPVVTADVFRKAKEHLG	-2.9801822802293785	2
ELSWTAEAEKMLGKVPFAFVRKKVRKNTDNYAREIGEPVVTADVFRKAKEHLG	-1.8324707890336995	2
ELSWTAEAEKMLGKVPFFAVRKKVRKNTDNYAREIGEPVVTADVFRKAKEHLG	-1.802240397205458	0
ELSWTAEAEKMLGKVPFFGVRKKVRKNTDNYAREIGEPVVTADVFRKAKEHLG	-2.351849389356767	3
ELSWTAEAEKMLGKVPFFRKKVRKNTDNYAREIGEPVVTADVFRKAKEHLG	-2.5663738803023697	2
ELSWTAEAEKMLGKVPFFVARKKVRKNTDNYAREIGEPVVTADVFRKAKEHLG	-2.0720871072185405	3
ELSWTAEAEKMLGKVPFFVGRKKVRKNTDNYAREIGEPVVTADVFRKAKEHLG	-2.5919827560408786	0
ELSWTAEAEKMLGKVPFFVKKVRKNTDNYAREIGEPVVTADVFRKAKEHLG	-3.395231903354162	0
ELSWTAEAEKMLGKVPFFVRAKKVRKNTDNYAREIGEPVVTADVFRKAKEHLG	-3.9410410111512295	0
ELSWTAEAEKMLGKVPFFVRKAKVRKNTDNYAREIGEPVVTADVFRKAKEHLG	-3.047960512017414	2
ELSWTAEAEKMLGKVPFFVRKGKVRKNTDNYAREIGEPVVTADVFRKAKEHLG	-3.811844455099658	1
ELSWTAEAEKMLGKVPFFVRKKAVRKNTDNYAREIGEPVVTADVFRKAKEHLG	-3.284595451378995	4
ELSWTAEAEKMLGKVPFFVRKKGVRKNTDNYAREIGEPVVTADVFRKAKEHLG	-3.751390636553176	0
ELSWTAEAEKMLGKVPFFVRKKVARKNTDNYAREIGEPVVTADVFRKAKEHLG	-4.137368515247863	3
ELSWTAEAEKMLGKVPFFVRKKVRKANTDNYAREIGEPVVTADVFRKAKEHLG	-4.62668570400074	4
ELSWTAEAEKMLGKVPFFVRKKVRKNTDNYAAREIGEPVVTADVFRKAKEHLG	-4.172988702332081	3
ELSWTAEAEKMLGKVPFFVRKKVRKNTDNYARAEIGEPVVTADVFRKAKEHLG	-3.5626204921106246	0
ELSWTAEAEKMLGKVPFFVRKKVRKNTDNYAREAIGEPVVTADVFRKAKEHLG	-3.645867434272047	0
ELSWTAEAEKMLGKVPFFVRKKVRKNTDNYAREGIGEPVVTADVFRKAKEHLG	-4.617771782761635	0
ELSWTAEAEKMLGKVPFFVRKKVRKNTDNYAREIAGEPVVTADVFRKAKEHLG	-2.047134042941361	2
ELSWTAEAEKMLGKVPFFVRKKVRKNTDNYAREIGAEPVVTADVFRKAKEHLG	-3.1105898699279573	0
ELSWTAEAEKMLGKVPFFVRKKVRKNTDNYAREIGEAPVVTADVFRKAKEHLG	-3.199288050836323	3
ELSWTAEAEKMLGKVPFFVRKKVRKNTDNYAREIGEGPVVTADVFRKAKEHLG	-3.136639187777329	2
ELSWTAEAEKMLGKVPFFVRKKVRKNTDNYAREIGEPAVVTADVFRKAKEHLG	-3.536621341382984	1
ELSWTAEAEKMLGKVPFFVRKKVRKNTDNYAREIGEPGVVTADVFRKAKEHLG	-3.4239953414464823	3
ELSWTAEAEKMLGKVPFFVRKKVRKNTDNYAREIGEPVAVTADVFRKAKEHLG	-4.611687950855889	1
ELSWTAEAEKMLGKVPFFVRKKVRKNTDNYAREIGEPVTADVFRKAKEHLG	-3.987038545700856	1
ELSWTAEAEKMLGKVPFFVRKKVRKNTDNYAREIGEPVVTAADVFRKAKEHLG	-3.877930912536308	4
ELSWTAEAEKMLGKVPFFVRKKVRKNTDNYAREIGEPVVTADAVFRKAKEHLG	-4.111688113009048	1
ELSWTAEAEKMLGKVPFFVRKKVRKNTDNYAREIGEPVVTADVAFRKAKEHLG	-4.296722163648662	4
ELSWTAEAEKMLGKVPFFVRKKVRKNTDNYAREIGEPVVTADVFARKAKEHLG	-2.495560692016536	2
ELSWTAEAEKMLGKVPFFVRKKVRKNTDNYAREIGEPVVTADVFGRKAKEHLG	-3.11916526344512	1
ELSWTAEAEKMLGKVPFFVRKKVRKNTDNYAREIGEPVVTADVFKAKEHLG	-2.77128909746824	0
ELSWTAEAEKMLGKVPFFVRKKVRKNTDNYAREIGEPVVTADVFRAKAKEHLG	-2.056124497853518	2
ELSWTAEAEKMLGKVPFFVRKKVRKNTDNYAREIGEPVVTADVFRAKEHLG	-2.716157501765066	1
ELSWTAEAEKMLGKVPFFVRKKVRKNTDNYAREIGEPVVTADVFRGKAKEHLG	-2.80936912264562	3
ELSWTAEAEKMLGKVPFFVRKKVRKNTDNYAREIGEPVVTADVFRKAAKEHLG	-0.2169435668596683	4
ELSWTAEAEKMLGKVPFFVRKKVRKNTDNYAREIGEPVVTADVFRKAEHLG	-1.1140037514575436	3
ELSWTAEAEKMLGKVPFFVRKKVRKNTDNYAREIGEPVVTADVFRKAGKEHLG	-0.7980041734110266	1
ELSWTAEAEKMLGKVPFFVRKKVRKNTDNYAREIGEPVVTADVFRKAKAEHLG	-0.5273869613648277	0
ELSWTAEAEKMLGKVPFFVRKKVRKNTDNYAREIGEPVVTADVFRKAKEAHLG	0.0214295057010072	1
ELSWTAEAEKMLGKVPFFVRKKVRKNTDNYAREIGEPVVTADVFRKAKEGHLG	-0.8996173234175968	3
ELSWTAEAEKMLGKVPFFVRKKVRKNTDNYAREIGEPVVTADVFRKAKEHALG	-0.0903513995537537	2
ELSWTAEAEKMLGKVPFFVRKKVRKNTDNYAREIGEPVVTADVFRKAKEHG	-0.2233981679872125	2
ELSWTAEAEKMLGKVPFFVRKKVRKNTDNYAREIGEPVVTADVFRKAKEHGLG	-0.2533916194736223	0
ELSWTAEAEKMLGKVPFFVRKKVRKNTDNYAREIGEPVVTADVFRKAKEHL	0.1495411106311714	3
ELSWTAEAEKMLGKVPFFVRKKVRKNTDNYAREIGEPVVTADVFRKAKEHLAG	0.1554433704727928	1
ELSWTAEAEKMLGKVPFFVRKKVRKNTDNYAREIGEPVVTADVFRKAKEHLG	-0.0037747170081917	2
ELSWTAEAEKMLGKVPFFVRKKVRKNTDNYAREIGEPVVTADVFRKAKEHLGG	-0.0976178704645565	1
ELSWTAEAEKMLGKVPFFVRKKVRKNTDNYAREIGEPVVTADVFRKAKELG	-0.3677224796168343	1
ELSWTAEAEKMLGKVPFFVRKKVRKNTDNYAREIGEPVVTADVFRKAKGEHLG	-0.9055979623988129	0
ELSWTAEAEKMLGKVPFFVRKKVRKNTDNYAREIGEPVVTADVFRKAKHLG	-0.5896424559729638	0
ELSWTAEAEKMLGKVPFFVRKKVRKNTDNYAREIGEPVVTADVFRKGAKEHLG	-1.6660414738562874	4
ELSWTAEAEKMLGKVPFFVRKKVRKNTDNYAREIGEPVVTADVFRKKEHLG	-2.810511313052402	4
ELSWTAEAEKMLGKVPFFVRKKVRKNTDNYAREIGEPVVTADVRKAKEHLG	-4.775718787124122	0
ELSWTAEAEKMLGKVPFFVRKKVRKNTDNYAREIGEPVVTAGDVFRKAKEHLG	-4.760332875654723	0
ELSWTAEAEKMLGKVPFFVRKKVRKNTDNYAREIGEVVTADVFRKAKEHLG	-3.803859804978046	2
ELSWTAEAEKMLGKVPFFVRKKVRKNTDNYAREIGGEPVVTADVFRKAKEHLG	-2.691600095293321	4
ELSWTAEAEKMLGKVPFFVRKKVRKNTDNYARGEIGEPVVTADVFRKAKEHLG	-3.9346905608550498	1
ELSWTAEAEKMLGKVPFFVRKVRKNTDNYAREIGEPVVTADVFRKAKEHLG	-3.560271318532342	1
ELSWTAEAEKMLGKVPFGFVRKKVRKNTDNYAREIGEPVVTADVFRKAKEHLG	-1.6386683628839558	2
ELSWTAEAEKMLGKVPFVRKKVRKNTDNYAREIGEPVVTADVFRKAKEHLG	-3.56800074695348	0
ELSWTAEAEKMLGKVPGFFVRKKVRKNTDNYAREIGEPVVTADVFRKAKEHLG	-1.4010003758186316	0
ELWTAEAEKMLGKVPFFVRKKVRKNTDNYAREIGEPVVTADVFRKAKEHLG	-2.1629344778586	3
ESWTAEAEKMLGKVPFFVRKKVRKNTDNYAREIGEPVVTADVFRKAKEHLG	-2.2186118151978422	4
GELSWTAEAEKMLGKVPFFVRKKVRKNTDNYAREIGEPVVTADVFRKAKEHLG	-0.0106125176235365	2
LSWTAEAEKMLGKVPFFVRKKVRKNTDNYAREIGEPVVTADVFRKAKEHLG	0.0827040236653715	2
